sno,date,time,state/unionterritory,confirmedindiannational,confirmedforeignnational,cured,deaths,confirmed
3,2020-01-02,6:00 PM,Kerala,2,0,0,0,2
32,2020-01-03,6:00 PM,Kerala,3,0,0,0,3
557,2020-01-04,7:30 PM,Uttar Pradesh,-,-,14,2,103
556,2020-01-04,7:30 PM,Uttarakhand,-,-,2,0,7
555,2020-01-04,7:30 PM,Telengana,-,-,1,3,96
554,2020-01-04,7:30 PM,Tamil Nadu,-,-,6,1,234
553,2020-01-04,7:30 PM,Rajasthan,-,-,3,0,93
552,2020-01-04,7:30 PM,Punjab,-,-,1,3,42
551,2020-01-04,7:30 PM,Puducherry,-,-,1,0,3
550,2020-01-04,7:30 PM,Odisha,-,-,0,0,4
549,2020-01-04,7:30 PM,Mizoram,-,-,0,0,1
548,2020-01-04,7:30 PM,Manipur,-,-,0,0,1
547,2020-01-04,7:30 PM,Maharashtra,-,-,39,9,302
546,2020-01-04,7:30 PM,Madhya Pradesh,-,-,0,3,66
545,2020-01-04,7:30 PM,Ladakh,-,-,3,0,13
531,2020-01-04,7:30 PM,Andaman and Nicobar Islands,-,-,0,0,10
543,2020-01-04,7:30 PM,Karnataka,-,-,8,3,101
542,2020-01-04,7:30 PM,Jharkhand,-,-,0,0,1
541,2020-01-04,7:30 PM,Jammu and Kashmir,-,-,2,2,62
540,2020-01-04,7:30 PM,Himachal Pradesh,-,-,0,1,3
539,2020-01-04,7:30 PM,Haryana,-,-,21,0,43
538,2020-01-04,7:30 PM,Gujarat,-,-,5,6,82
537,2020-01-04,7:30 PM,Goa,-,-,0,0,5
536,2020-01-04,7:30 PM,Delhi,-,-,6,2,152
535,2020-01-04,7:30 PM,Chhattisgarh,-,-,2,0,9
534,2020-01-04,7:30 PM,Chandigarh,-,-,0,0,16
533,2020-01-04,7:30 PM,Bihar,-,-,0,1,23
532,2020-01-04,7:30 PM,Assam,-,-,0,0,1
530,2020-01-04,7:30 PM,Andhra Pradesh,-,-,1,0,83
558,2020-01-04,7:30 PM,West Bengal,-,-,6,3,37
544,2020-01-04,7:30 PM,Kerala,-,-,23,2,241
1,2020-01-30,6:00 PM,Kerala,1,0,0,0,1
2,2020-01-31,6:00 PM,Kerala,1,0,0,0,1
4,2020-02-02,6:00 PM,Kerala,3,0,0,0,3
33,2020-02-03,6:00 PM,Telengana,1,0,0,0,1
34,2020-02-03,6:00 PM,Kerala,3,0,0,0,3
35,2020-02-03,6:00 PM,Delhi,1,0,0,0,1
574,2020-02-04,6:00 PM,Ladakh,-,-,3,0,13
575,2020-02-04,6:00 PM,Madhya Pradesh,-,-,0,6,99
576,2020-02-04,6:00 PM,Maharashtra,-,-,42,13,335
577,2020-02-04,6:00 PM,Manipur,-,-,0,0,1
578,2020-02-04,6:00 PM,Mizoram,-,-,0,0,1
580,2020-02-04,6:00 PM,Puducherry,-,-,1,0,3
573,2020-02-04,6:00 PM,Kerala,-,-,25,2,265
581,2020-02-04,6:00 PM,Punjab,-,-,1,4,46
582,2020-02-04,6:00 PM,Rajasthan,-,-,3,0,108
583,2020-02-04,6:00 PM,Tamil Nadu,-,-,6,1,234
579,2020-02-04,6:00 PM,Odisha,-,-,0,0,4
572,2020-02-04,6:00 PM,Karnataka,-,-,9,3,110
569,2020-02-04,6:00 PM,Himachal Pradesh,-,-,1,1,3
584,2020-02-04,6:00 PM,Telengana,-,-,1,3,107
568,2020-02-04,6:00 PM,Haryana,-,-,21,0,43
567,2020-02-04,6:00 PM,Gujarat,-,-,8,7,87
566,2020-02-04,6:00 PM,Goa,-,-,0,0,5
565,2020-02-04,6:00 PM,Delhi,-,-,8,4,219
564,2020-02-04,6:00 PM,Chhattisgarh,-,-,2,0,9
563,2020-02-04,6:00 PM,Chandigarh,-,-,0,0,16
562,2020-02-04,6:00 PM,Bihar,-,-,0,1,24
561,2020-02-04,6:00 PM,Assam,-,-,0,0,5
560,2020-02-04,6:00 PM,Andaman and Nicobar Islands,-,-,0,0,10
559,2020-02-04,6:00 PM,Andhra Pradesh,-,-,1,1,86
571,2020-02-04,6:00 PM,Jharkhand,-,-,0,0,1
585,2020-02-04,6:00 PM,Uttarakhand,-,-,2,0,7
570,2020-02-04,6:00 PM,Jammu and Kashmir,-,-,2,2,62
587,2020-02-04,6:00 PM,West Bengal,-,-,6,3,53
586,2020-02-04,6:00 PM,Uttar Pradesh,-,-,14,2,113
15,2020-02-13,6:00 PM,Kerala,3,0,0,0,3
16,2020-02-14,6:00 PM,Kerala,3,0,0,0,3
17,2020-02-15,6:00 PM,Kerala,3,0,0,0,3
18,2020-02-16,6:00 PM,Kerala,3,0,0,0,3
19,2020-02-17,6:00 PM,Kerala,3,0,0,0,3
20,2020-02-18,6:00 PM,Kerala,3,0,0,0,3
21,2020-02-19,6:00 PM,Kerala,3,0,0,0,3
22,2020-02-20,6:00 PM,Kerala,3,0,0,0,3
23,2020-02-21,6:00 PM,Kerala,3,0,0,0,3
24,2020-02-22,6:00 PM,Kerala,3,0,0,0,3
25,2020-02-23,6:00 PM,Kerala,3,0,0,0,3
26,2020-02-24,6:00 PM,Kerala,3,0,0,0,3
27,2020-02-25,6:00 PM,Kerala,3,0,0,0,3
28,2020-02-26,6:00 PM,Kerala,3,0,0,0,3
29,2020-02-27,6:00 PM,Kerala,3,0,0,0,3
30,2020-02-28,6:00 PM,Kerala,3,0,0,0,3
31,2020-02-29,6:00 PM,Kerala,3,0,0,0,3
5,2020-03-02,6:00 PM,Kerala,3,0,0,0,3
38,2020-03-03,6:00 PM,Kerala,3,0,3,0,3
36,2020-03-03,6:00 PM,Telengana,1,0,0,0,1
37,2020-03-03,6:00 PM,Rajasthan,0,1,0,0,1
39,2020-03-03,6:00 PM,Delhi,1,0,0,0,1
589,2020-03-04,6:00 PM,Andaman and Nicobar Islands,-,-,0,0,10
588,2020-03-04,6:00 PM,Andhra Pradesh,-,-,1,1,132
610,2020-03-04,6:00 PM,Puducherry,-,-,1,0,5
611,2020-03-04,6:00 PM,Punjab,-,-,1,5,48
612,2020-03-04,6:00 PM,Rajasthan,-,-,3,0,167
592,2020-03-04,6:00 PM,Bihar,-,-,0,1,29
613,2020-03-04,6:00 PM,Tamil Nadu,-,-,6,1,309
614,2020-03-04,6:00 PM,Telengana,-,-,1,7,158
615,2020-03-04,6:00 PM,Uttarakhand,-,-,2,0,10
616,2020-03-04,6:00 PM,Uttar Pradesh,-,-,14,2,172
617,2020-03-04,6:00 PM,West Bengal,-,-,3,3,63
618,2020-03-04,6:00 PM,Unassigned,-,-,0,0,77
590,2020-03-04,6:00 PM,Arunachal Pradesh,-,-,0,0,1
591,2020-03-04,6:00 PM,Assam,-,-,0,0,16
594,2020-03-04,6:00 PM,Chhattisgarh,-,-,3,0,9
593,2020-03-04,6:00 PM,Chandigarh,-,-,0,0,18
601,2020-03-04,6:00 PM,Jharkhand,-,-,0,0,2
602,2020-03-04,6:00 PM,Karnataka,-,-,10,3,124
603,2020-03-04,6:00 PM,Kerala,-,-,27,2,286
604,2020-03-04,6:00 PM,Ladakh,-,-,3,0,14
605,2020-03-04,6:00 PM,Madhya Pradesh,-,-,0,6,104
606,2020-03-04,6:00 PM,Maharashtra,-,-,42,16,335
600,2020-03-04,6:00 PM,Jammu and Kashmir,-,-,3,2,75
607,2020-03-04,6:00 PM,Manipur,-,-,0,0,2
609,2020-03-04,6:00 PM,Odisha,-,-,0,0,5
599,2020-03-04,6:00 PM,Himachal Pradesh,-,-,1,1,6
598,2020-03-04,6:00 PM,Haryana,-,-,24,0,49
597,2020-03-04,6:00 PM,Gujarat,-,-,10,8,95
596,2020-03-04,6:00 PM,Goa,-,-,0,0,6
595,2020-03-04,6:00 PM,Delhi,-,-,8,4,219
608,2020-03-04,6:00 PM,Mizoram,-,-,0,0,1
130,2020-03-13,6:00 PM,Tamil Nadu,1,0,0,0,1
131,2020-03-13,6:00 PM,Jammu and Kashmir,1,0,0,0,1
129,2020-03-13,6:00 PM,Ladakh,3,0,0,0,3
133,2020-03-13,6:00 PM,Karnataka,6,0,0,1,6
135,2020-03-13,6:00 PM,Andhra Pradesh,1,0,0,0,1
132,2020-03-13,6:00 PM,Punjab,1,0,0,0,1
128,2020-03-13,6:00 PM,Uttar Pradesh,10,1,0,0,11
134,2020-03-13,6:00 PM,Maharashtra,14,0,0,0,14
126,2020-03-13,6:00 PM,Rajasthan,1,2,0,0,3
125,2020-03-13,6:00 PM,Kerala,19,0,3,0,19
124,2020-03-13,6:00 PM,Haryana,0,14,0,0,14
123,2020-03-13,6:00 PM,Delhi,6,0,0,0,6
127,2020-03-13,6:00 PM,Telengana,1,0,0,0,1
148,2020-03-14,6:00 PM,Andhra Pradesh,1,0,0,0,1
147,2020-03-14,6:00 PM,Maharashtra,14,0,0,0,14
146,2020-03-14,6:00 PM,Karnataka,6,0,0,1,6
145,2020-03-14,6:00 PM,Punjab,1,0,0,0,1
144,2020-03-14,6:00 PM,Jammu and Kashmir,2,0,0,0,2
143,2020-03-14,6:00 PM,Tamil Nadu,1,0,0,0,1
142,2020-03-14,6:00 PM,Ladakh,3,0,0,0,3
141,2020-03-14,6:00 PM,Uttar Pradesh,11,1,5,0,12
140,2020-03-14,6:00 PM,Telengana,1,0,0,0,1
138,2020-03-14,6:00 PM,Kerala,19,0,3,0,19
137,2020-03-14,6:00 PM,Haryana,0,14,0,0,14
136,2020-03-14,6:00 PM,Delhi,7,0,1,1,7
139,2020-03-14,6:00 PM,Rajasthan,1,2,1,0,3
159,2020-03-15,6:00 PM,Jammu and Kashmir,2,0,0,0,2
160,2020-03-15,6:00 PM,Ladakh,3,0,0,0,3
161,2020-03-15,6:00 PM,Uttar Pradesh,12,1,4,0,13
162,2020-03-15,6:00 PM,Uttarakhand,1,0,0,0,1
158,2020-03-15,6:00 PM,Telengana,3,0,1,0,3
157,2020-03-15,6:00 PM,Tamil Nadu,1,0,0,0,1
156,2020-03-15,6:00 PM,Rajasthan,2,2,3,0,4
154,2020-03-15,6:00 PM,Maharashtra,32,0,0,0,32
155,2020-03-15,6:00 PM,Punjab,1,0,0,0,1
152,2020-03-15,6:00 PM,Karnataka,6,0,0,1,6
151,2020-03-15,6:00 PM,Haryana,0,14,0,0,14
150,2020-03-15,6:00 PM,Delhi,7,0,2,1,7
149,2020-03-15,6:00 PM,Andhra Pradesh,1,0,0,0,1
153,2020-03-15,6:00 PM,Kerala,22,0,3,0,22
177,2020-03-16,6:00 PM,Uttarakhand,1,0,0,0,1
176,2020-03-16,6:00 PM,Uttar Pradesh,12,1,4,0,13
175,2020-03-16,6:00 PM,Ladakh,4,0,0,0,4
174,2020-03-16,6:00 PM,Jammu and Kashmir,3,0,0,0,3
173,2020-03-16,6:00 PM,Telengana,3,0,1,0,3
172,2020-03-16,6:00 PM,Tamil Nadu,1,0,0,0,1
171,2020-03-16,6:00 PM,Rajasthan,2,2,3,0,4
170,2020-03-16,6:00 PM,Punjab,1,0,0,0,1
169,2020-03-16,6:00 PM,Odisha,1,0,0,0,1
167,2020-03-16,6:00 PM,Kerala,23,0,3,0,23
166,2020-03-16,6:00 PM,Karnataka,6,0,0,1,6
165,2020-03-16,6:00 PM,Haryana,0,14,0,0,14
164,2020-03-16,6:00 PM,Delhi,7,0,2,1,7
163,2020-03-16,6:00 PM,Andhra Pradesh,1,0,0,0,1
168,2020-03-16,6:00 PM,Maharashtra,32,0,0,0,32
192,2020-03-17,6:00 PM,Uttarakhand,1,0,0,0,1
191,2020-03-17,6:00 PM,Uttar Pradesh,14,1,5,0,15
190,2020-03-17,6:00 PM,Ladakh,6,0,0,0,6
189,2020-03-17,6:00 PM,Jammu and Kashmir,3,0,0,0,3
188,2020-03-17,6:00 PM,Telengana,3,2,1,0,5
187,2020-03-17,6:00 PM,Tamil Nadu,1,0,0,0,1
186,2020-03-17,6:00 PM,Rajasthan,2,2,3,0,4
185,2020-03-17,6:00 PM,Punjab,1,0,0,0,1
184,2020-03-17,6:00 PM,Odisha,1,0,0,0,1
182,2020-03-17,6:00 PM,Kerala,24,2,3,0,26
181,2020-03-17,6:00 PM,Karnataka,11,0,0,1,11
180,2020-03-17,6:00 PM,Haryana,1,14,0,0,15
179,2020-03-17,6:00 PM,Delhi,8,0,2,1,8
178,2020-03-17,6:00 PM,Andhra Pradesh,1,0,0,0,1
183,2020-03-17,6:00 PM,Maharashtra,36,3,0,1,39
209,2020-03-18,6:00 PM,West Bengal,1,0,0,0,1
208,2020-03-18,6:00 PM,Uttarakhand,1,0,0,0,1
207,2020-03-18,6:00 PM,Uttar Pradesh,15,1,5,0,16
206,2020-03-18,6:00 PM,Ladakh,8,0,0,0,8
205,2020-03-18,6:00 PM,Jammu and Kashmir,3,0,0,0,3
204,2020-03-18,6:00 PM,Telengana,4,2,1,0,6
203,2020-03-18,6:00 PM,Tamil Nadu,1,0,0,0,1
202,2020-03-18,6:00 PM,Rajasthan,2,2,3,0,4
200,2020-03-18,6:00 PM,Puducherry,1,0,0,0,1
201,2020-03-18,6:00 PM,Punjab,1,0,0,0,1
198,2020-03-18,6:00 PM,Maharashtra,39,3,0,1,42
197,2020-03-18,6:00 PM,Kerala,25,2,3,0,27
196,2020-03-18,6:00 PM,Karnataka,11,0,0,1,11
195,2020-03-18,6:00 PM,Haryana,3,14,0,0,17
194,2020-03-18,6:00 PM,Delhi,9,1,2,1,10
193,2020-03-18,6:00 PM,Andhra Pradesh,1,0,0,0,1
199,2020-03-18,6:00 PM,Odisha,1,0,0,0,1
220,2020-03-19,6:00 PM,Rajasthan,5,2,3,0,7
221,2020-03-19,6:00 PM,Tamil Nadu,2,0,1,0,2
222,2020-03-19,6:00 PM,Telengana,4,2,1,0,6
223,2020-03-19,6:00 PM,Chandigarh,1,0,0,0,1
226,2020-03-19,6:00 PM,Uttar Pradesh,18,1,9,0,19
228,2020-03-19,6:00 PM,West Bengal,1,0,0,0,1
227,2020-03-19,6:00 PM,Uttarakhand,1,0,0,0,1
225,2020-03-19,6:00 PM,Ladakh,8,0,0,0,8
219,2020-03-19,6:00 PM,Punjab,2,0,0,1,2
224,2020-03-19,6:00 PM,Jammu and Kashmir,4,0,0,0,4
218,2020-03-19,6:00 PM,Puducherry,1,0,0,0,1
210,2020-03-19,6:00 PM,Andhra Pradesh,2,0,0,0,2
216,2020-03-19,6:00 PM,Maharashtra,44,3,0,1,47
215,2020-03-19,6:00 PM,Kerala,25,2,3,0,27
214,2020-03-19,6:00 PM,Karnataka,14,0,0,1,14
213,2020-03-19,6:00 PM,Haryana,3,14,0,0,17
212,2020-03-19,6:00 PM,Delhi,11,1,3,1,12
211,2020-03-19,6:00 PM,Chhattisgarh,1,0,0,0,1
217,2020-03-19,6:00 PM,Odisha,1,0,0,0,1
240,2020-03-20,6:00 PM,Rajasthan,15,2,3,0,17
241,2020-03-20,6:00 PM,Tamil Nadu,3,0,1,0,3
242,2020-03-20,6:00 PM,Telengana,8,9,1,0,17
243,2020-03-20,6:00 PM,Chandigarh,1,0,0,0,1
248,2020-03-20,6:00 PM,West Bengal,2,0,0,0,2
245,2020-03-20,6:00 PM,Ladakh,10,0,0,0,10
239,2020-03-20,6:00 PM,Punjab,2,0,0,1,2
247,2020-03-20,6:00 PM,Uttarakhand,3,0,0,0,3
246,2020-03-20,6:00 PM,Uttar Pradesh,22,1,9,0,23
244,2020-03-20,6:00 PM,Jammu and Kashmir,4,0,0,0,4
238,2020-03-20,6:00 PM,Puducherry,1,0,0,0,1
229,2020-03-20,6:00 PM,Andhra Pradesh,3,0,0,0,3
236,2020-03-20,6:00 PM,Maharashtra,49,3,0,1,52
235,2020-03-20,6:00 PM,Kerala,26,2,3,0,28
234,2020-03-20,6:00 PM,Karnataka,15,0,1,1,15
233,2020-03-20,6:00 PM,Haryana,3,14,0,0,17
232,2020-03-20,6:00 PM,Gujarat,5,0,0,0,5
231,2020-03-20,6:00 PM,Delhi,16,1,5,1,17
230,2020-03-20,6:00 PM,Chhattisgarh,1,0,0,0,1
237,2020-03-20,6:00 PM,Odisha,2,0,0,0,2
260,2020-03-21,6:00 PM,Puducherry,1,0,0,0,1
261,2020-03-21,6:00 PM,Punjab,13,0,0,1,13
262,2020-03-21,6:00 PM,Rajasthan,15,2,3,0,17
263,2020-03-21,6:00 PM,Tamil Nadu,3,0,1,0,3
264,2020-03-21,6:00 PM,Telengana,10,11,1,0,21
268,2020-03-21,6:00 PM,Uttar Pradesh,23,1,9,0,24
266,2020-03-21,6:00 PM,Jammu and Kashmir,4,0,0,0,4
267,2020-03-21,6:00 PM,Ladakh,13,0,0,0,13
259,2020-03-21,6:00 PM,Odisha,2,0,0,0,2
269,2020-03-21,6:00 PM,Uttarakhand,3,0,0,0,3
265,2020-03-21,6:00 PM,Chandigarh,1,0,0,0,1
258,2020-03-21,6:00 PM,Maharashtra,60,3,0,1,63
270,2020-03-21,6:00 PM,West Bengal,3,0,0,0,3
256,2020-03-21,6:00 PM,Kerala,33,7,3,0,40
249,2020-03-21,6:00 PM,Andhra Pradesh,3,0,0,0,3
250,2020-03-21,6:00 PM,Chhattisgarh,1,0,0,0,1
251,2020-03-21,6:00 PM,Delhi,25,1,5,1,26
257,2020-03-21,6:00 PM,Madhya Pradesh,4,0,0,0,4
253,2020-03-21,6:00 PM,Haryana,3,14,0,0,17
254,2020-03-21,6:00 PM,Himachal Pradesh,2,0,0,0,2
255,2020-03-21,6:00 PM,Karnataka,15,0,1,1,15
252,2020-03-21,6:00 PM,Gujarat,7,0,0,0,7
293,2020-03-22,6:00 PM,West Bengal,4,0,0,0,4
292,2020-03-22,6:00 PM,Uttarakhand,3,0,0,0,3
282,2020-03-22,6:00 PM,Odisha,2,0,0,0,2
290,2020-03-22,6:00 PM,Ladakh,13,0,0,0,13
289,2020-03-22,6:00 PM,Jammu and Kashmir,4,0,0,0,4
288,2020-03-22,6:00 PM,Chandigarh,5,0,0,0,5
287,2020-03-22,6:00 PM,Telengana,11,11,1,0,22
286,2020-03-22,6:00 PM,Tamil Nadu,5,2,1,0,7
285,2020-03-22,6:00 PM,Rajasthan,22,2,3,0,24
284,2020-03-22,6:00 PM,Punjab,21,0,0,1,21
283,2020-03-22,6:00 PM,Puducherry,1,0,0,0,1
291,2020-03-22,6:00 PM,Uttar Pradesh,26,1,9,0,27
281,2020-03-22,6:00 PM,Maharashtra,64,3,0,2,67
279,2020-03-22,6:00 PM,Kerala,45,7,3,0,52
278,2020-03-22,6:00 PM,Karnataka,26,0,2,1,26
277,2020-03-22,6:00 PM,Himachal Pradesh,2,0,0,0,2
276,2020-03-22,6:00 PM,Haryana,7,14,0,0,21
275,2020-03-22,6:00 PM,Gujarat,18,0,0,1,18
274,2020-03-22,6:00 PM,Delhi,28,1,5,1,29
273,2020-03-22,6:00 PM,Chhattisgarh,1,0,0,0,1
272,2020-03-22,6:00 PM,Bihar,2,0,0,1,2
271,2020-03-22,6:00 PM,Andhra Pradesh,5,0,0,0,5
280,2020-03-22,6:00 PM,Madhya Pradesh,4,0,0,0,4
306,2020-03-23,6:00 PM,Puducherry,1,0,0,0,1
307,2020-03-23,6:00 PM,Punjab,21,0,0,1,21
308,2020-03-23,6:00 PM,Rajasthan,26,2,3,0,28
309,2020-03-23,6:00 PM,Tamil Nadu,7,2,1,0,9
310,2020-03-23,6:00 PM,Telengana,22,10,1,0,32
315,2020-03-23,6:00 PM,Uttarakhand,3,0,0,0,3
312,2020-03-23,6:00 PM,Jammu and Kashmir,4,0,0,0,4
313,2020-03-23,6:00 PM,Ladakh,13,0,0,0,13
314,2020-03-23,6:00 PM,Uttar Pradesh,30,1,9,0,31
316,2020-03-23,6:00 PM,West Bengal,7,0,0,0,7
305,2020-03-23,6:00 PM,Odisha,2,0,0,0,2
311,2020-03-23,6:00 PM,Chandigarh,6,0,0,0,6
304,2020-03-23,6:00 PM,Maharashtra,71,3,0,2,74
294,2020-03-23,6:00 PM,Andhra Pradesh,7,0,0,0,7
302,2020-03-23,6:00 PM,Kerala,60,7,3,0,67
301,2020-03-23,6:00 PM,Karnataka,33,0,2,1,33
300,2020-03-23,6:00 PM,Himachal Pradesh,2,0,0,0,2
299,2020-03-23,6:00 PM,Haryana,12,14,0,0,26
298,2020-03-23,6:00 PM,Gujarat,29,0,0,1,29
297,2020-03-23,6:00 PM,Delhi,28,1,5,1,29
296,2020-03-23,6:00 PM,Chhattisgarh,1,0,0,0,1
295,2020-03-23,6:00 PM,Bihar,2,0,0,1,2
303,2020-03-23,6:00 PM,Madhya Pradesh,6,0,0,0,6
329,2020-03-24,6:00 PM,Odisha,2,0,0,0,2
330,2020-03-24,6:00 PM,Puducherry,1,0,0,0,1
331,2020-03-24,6:00 PM,Punjab,29,0,0,1,29
332,2020-03-24,6:00 PM,Rajasthan,30,2,3,0,32
333,2020-03-24,6:00 PM,Tamil Nadu,13,2,1,0,15
338,2020-03-24,6:00 PM,Uttar Pradesh,32,1,11,0,33
335,2020-03-24,6:00 PM,Chandigarh,7,0,0,0,7
336,2020-03-24,6:00 PM,Jammu and Kashmir,4,0,0,0,4
337,2020-03-24,6:00 PM,Ladakh,13,0,0,0,13
339,2020-03-24,6:00 PM,Uttarakhand,3,1,0,0,4
340,2020-03-24,6:00 PM,West Bengal,9,0,0,1,9
334,2020-03-24,6:00 PM,Telengana,25,10,1,0,35
327,2020-03-24,6:00 PM,Maharashtra,86,3,0,2,89
328,2020-03-24,6:00 PM,Manipur,1,0,0,0,1
325,2020-03-24,6:00 PM,Kerala,87,8,4,0,95
324,2020-03-24,6:00 PM,Karnataka,37,0,3,1,37
323,2020-03-24,6:00 PM,Himachal Pradesh,3,0,0,1,3
322,2020-03-24,6:00 PM,Haryana,14,14,11,0,28
321,2020-03-24,6:00 PM,Gujarat,32,1,0,1,33
320,2020-03-24,6:00 PM,Delhi,29,1,6,1,30
319,2020-03-24,6:00 PM,Chhattisgarh,1,0,0,0,1
318,2020-03-24,6:00 PM,Bihar,3,0,0,1,3
317,2020-03-24,6:00 PM,Andhra Pradesh,8,0,0,0,8
326,2020-03-24,6:00 PM,Madhya Pradesh,7,0,0,0,7
354,2020-03-25,6:00 PM,Odisha,2,0,0,0,2
355,2020-03-25,6:00 PM,Puducherry,1,0,0,0,1
365,2020-03-25,6:00 PM,West Bengal,9,0,0,1,9
356,2020-03-25,6:00 PM,Punjab,29,0,0,1,29
357,2020-03-25,6:00 PM,Rajasthan,34,2,3,0,36
358,2020-03-25,6:00 PM,Tamil Nadu,16,2,1,0,18
362,2020-03-25,6:00 PM,Ladakh,13,0,0,0,13
360,2020-03-25,6:00 PM,Chandigarh,7,0,0,0,7
361,2020-03-25,6:00 PM,Jammu and Kashmir,7,0,1,0,7
353,2020-03-25,6:00 PM,Mizoram,1,0,0,0,1
363,2020-03-25,6:00 PM,Uttar Pradesh,36,1,11,0,37
364,2020-03-25,6:00 PM,Uttarakhand,3,1,0,0,4
359,2020-03-25,6:00 PM,Telengana,25,10,1,0,35
352,2020-03-25,6:00 PM,Manipur,1,0,0,0,1
347,2020-03-25,6:00 PM,Himachal Pradesh,3,0,0,1,3
350,2020-03-25,6:00 PM,Madhya Pradesh,14,0,0,0,14
341,2020-03-25,6:00 PM,Andhra Pradesh,9,0,1,0,9
342,2020-03-25,6:00 PM,Bihar,4,0,0,1,4
343,2020-03-25,6:00 PM,Chhattisgarh,1,0,0,0,1
344,2020-03-25,6:00 PM,Delhi,30,1,6,1,31
351,2020-03-25,6:00 PM,Maharashtra,125,3,1,3,128
346,2020-03-25,6:00 PM,Haryana,14,14,11,0,28
348,2020-03-25,6:00 PM,Karnataka,41,0,3,1,41
349,2020-03-25,6:00 PM,Kerala,101,8,4,0,109
345,2020-03-25,6:00 PM,Gujarat,37,1,0,1,38
380,2020-03-26,6:00 PM,Madhya Pradesh,20,0,0,1,20
382,2020-03-26,6:00 PM,Manipur,1,0,0,0,1
383,2020-03-26,6:00 PM,Mizoram,1,0,0,0,1
384,2020-03-26,6:00 PM,Odisha,2,0,0,0,2
385,2020-03-26,6:00 PM,Puducherry,1,0,0,0,1
387,2020-03-26,6:00 PM,Rajasthan,39,2,3,0,41
379,2020-03-26,6:00 PM,Ladakh,13,0,0,0,13
388,2020-03-26,6:00 PM,Tamil Nadu,20,6,1,1,26
389,2020-03-26,6:00 PM,Telengana,34,10,1,0,44
390,2020-03-26,6:00 PM,Uttarakhand,4,1,0,0,5
391,2020-03-26,6:00 PM,Uttar Pradesh,40,1,11,0,41
392,2020-03-26,6:00 PM,West Bengal,10,0,0,1,10
386,2020-03-26,6:00 PM,Punjab,33,0,0,1,33
377,2020-03-26,6:00 PM,Karnataka,55,0,3,2,55
381,2020-03-26,6:00 PM,Maharashtra,121,3,1,3,124
378,2020-03-26,6:00 PM,Kerala,110,8,6,0,118
376,2020-03-26,6:00 PM,Jammu and Kashmir,13,0,1,0,13
366,2020-03-26,6:00 PM,Andaman and Nicobar Islands,1,0,0,0,1
367,2020-03-26,6:00 PM,Andhra Pradesh,11,0,1,0,11
369,2020-03-26,6:00 PM,Chandigarh,7,0,0,0,7
370,2020-03-26,6:00 PM,Chhattisgarh,6,0,0,0,6
368,2020-03-26,6:00 PM,Bihar,6,0,0,1,6
372,2020-03-26,6:00 PM,Goa,3,0,0,0,3
373,2020-03-26,6:00 PM,Gujarat,42,1,0,3,43
374,2020-03-26,6:00 PM,Haryana,16,14,11,0,30
375,2020-03-26,6:00 PM,Himachal Pradesh,3,0,0,1,3
371,2020-03-26,6:00 PM,Delhi,35,1,6,1,36
411,2020-03-27,10:00 AM,Odisha,2,0,0,0,2
407,2020-03-27,10:00 AM,Madhya Pradesh,20,0,0,1,20
408,2020-03-27,10:00 AM,Maharashtra,127,3,15,4,130
409,2020-03-27,10:00 AM,Manipur,1,0,0,0,1
410,2020-03-27,10:00 AM,Mizoram,1,0,0,0,1
412,2020-03-27,10:00 AM,Puducherry,1,0,0,0,1
406,2020-03-27,10:00 AM,Ladakh,13,0,3,0,13
414,2020-03-27,10:00 AM,Rajasthan,39,2,3,0,41
415,2020-03-27,10:00 AM,Tamil Nadu,23,6,1,1,29
419,2020-03-27,10:00 AM,West Bengal,10,0,0,1,10
418,2020-03-27,10:00 AM,Uttar Pradesh,40,1,11,0,41
416,2020-03-27,10:00 AM,Telengana,35,10,1,0,45
413,2020-03-27,10:00 AM,Punjab,33,0,0,1,33
417,2020-03-27,10:00 AM,Uttarakhand,4,1,0,0,5
405,2020-03-27,10:00 AM,Kerala,129,8,11,0,137
403,2020-03-27,10:00 AM,Jammu and Kashmir,13,0,1,1,13
393,2020-03-27,10:00 AM,Andaman and Nicobar Islands,1,0,0,0,1
394,2020-03-27,10:00 AM,Andhra Pradesh,12,0,1,0,12
395,2020-03-27,10:00 AM,Bihar,6,0,0,1,6
396,2020-03-27,10:00 AM,Chandigarh,7,0,0,0,7
397,2020-03-27,10:00 AM,Chhattisgarh,6,0,0,0,6
404,2020-03-27,10:00 AM,Karnataka,55,0,3,2,55
399,2020-03-27,10:00 AM,Goa,3,0,0,0,3
400,2020-03-27,10:00 AM,Gujarat,42,1,0,3,43
401,2020-03-27,10:00 AM,Haryana,16,14,11,0,30
402,2020-03-27,10:00 AM,Himachal Pradesh,3,0,0,1,3
398,2020-03-27,10:00 AM,Delhi,35,1,6,1,36
433,2020-03-28,6:00 PM,Ladakh,13,0,3,0,13
434,2020-03-28,6:00 PM,Madhya Pradesh,30,0,0,2,30
435,2020-03-28,6:00 PM,Maharashtra,177,3,25,5,180
436,2020-03-28,6:00 PM,Manipur,1,0,0,0,1
437,2020-03-28,6:00 PM,Mizoram,1,0,0,0,1
438,2020-03-28,6:00 PM,Odisha,3,0,0,0,3
441,2020-03-28,6:00 PM,Rajasthan,52,2,3,0,54
440,2020-03-28,6:00 PM,Punjab,38,0,1,1,38
442,2020-03-28,6:00 PM,Tamil Nadu,34,6,2,1,40
443,2020-03-28,6:00 PM,Telengana,46,10,1,0,56
432,2020-03-28,6:00 PM,Kerala,168,8,11,0,176
445,2020-03-28,6:00 PM,Uttar Pradesh,54,1,11,0,55
446,2020-03-28,6:00 PM,West Bengal,15,0,0,1,15
439,2020-03-28,6:00 PM,Puducherry,1,0,0,0,1
444,2020-03-28,6:00 PM,Uttarakhand,4,1,0,0,5
431,2020-03-28,6:00 PM,Karnataka,55,0,3,2,55
429,2020-03-28,6:00 PM,Himachal Pradesh,3,0,0,1,3
430,2020-03-28,6:00 PM,Jammu and Kashmir,20,0,1,1,20
420,2020-03-28,6:00 PM,Andhra Pradesh,14,0,1,0,14
422,2020-03-28,6:00 PM,Bihar,9,0,0,1,9
423,2020-03-28,6:00 PM,Chandigarh,8,0,0,0,8
421,2020-03-28,6:00 PM,Andaman and Nicobar Islands,6,0,0,0,6
425,2020-03-28,6:00 PM,Delhi,38,1,6,1,39
426,2020-03-28,6:00 PM,Goa,3,0,0,0,3
427,2020-03-28,6:00 PM,Gujarat,44,1,0,3,45
428,2020-03-28,6:00 PM,Haryana,19,14,12,0,33
424,2020-03-28,6:00 PM,Chhattisgarh,6,0,0,0,6
466,2020-03-29,7:30 PM,Puducherry,-,-,0,0,1
461,2020-03-29,7:30 PM,Madhya Pradesh,-,-,0,2,30
462,2020-03-29,7:30 PM,Maharashtra,-,-,25,6,186
464,2020-03-29,7:30 PM,Mizoram,-,-,0,0,1
465,2020-03-29,7:30 PM,Odisha,-,-,0,0,3
467,2020-03-29,7:30 PM,Punjab,-,-,1,1,38
471,2020-03-29,7:30 PM,Uttarakhand,-,-,2,0,7
469,2020-03-29,7:30 PM,Tamil Nadu,-,-,4,1,49
470,2020-03-29,7:30 PM,Telengana,-,-,1,1,66
460,2020-03-29,7:30 PM,Ladakh,-,-,3,0,13
472,2020-03-29,7:30 PM,Uttar Pradesh,-,-,11,0,65
473,2020-03-29,7:30 PM,West Bengal,-,-,0,1,18
468,2020-03-29,7:30 PM,Rajasthan,-,-,3,0,55
459,2020-03-29,7:30 PM,Kerala,-,-,15,1,182
463,2020-03-29,7:30 PM,Manipur,-,-,0,0,1
457,2020-03-29,7:30 PM,Jammu and Kashmir,-,-,1,2,31
447,2020-03-29,7:30 PM,Andhra Pradesh,-,-,1,0,19
448,2020-03-29,7:30 PM,Andaman and Nicobar Islands,-,-,0,0,9
449,2020-03-29,7:30 PM,Bihar,-,-,0,1,11
451,2020-03-29,7:30 PM,Chhattisgarh,-,-,0,0,7
452,2020-03-29,7:30 PM,Delhi,-,-,6,2,49
450,2020-03-29,7:30 PM,Chandigarh,-,-,0,0,8
458,2020-03-29,7:30 PM,Karnataka,-,-,5,3,76
454,2020-03-29,7:30 PM,Gujarat,-,-,1,5,58
455,2020-03-29,7:30 PM,Haryana,-,-,17,0,33
456,2020-03-29,7:30 PM,Himachal Pradesh,-,-,0,1,3
453,2020-03-29,7:30 PM,Goa,-,-,0,0,5
493,2020-03-30,9:30 PM,Puducherry,-,-,0,0,1
489,2020-03-30,9:30 PM,Maharashtra,-,-,25,8,198
490,2020-03-30,9:30 PM,Manipur,-,-,0,0,1
491,2020-03-30,9:30 PM,Mizoram,-,-,0,0,1
492,2020-03-30,9:30 PM,Odisha,-,-,0,0,3
494,2020-03-30,9:30 PM,Punjab,-,-,1,1,38
500,2020-03-30,9:30 PM,West Bengal,-,-,0,1,22
496,2020-03-30,9:30 PM,Tamil Nadu,-,-,4,1,67
497,2020-03-30,9:30 PM,Telengana,-,-,1,1,71
498,2020-03-30,9:30 PM,Uttarakhand,-,-,2,0,7
499,2020-03-30,9:30 PM,Uttar Pradesh,-,-,11,0,82
488,2020-03-30,9:30 PM,Madhya Pradesh,-,-,0,3,47
501,2020-03-30,9:30 PM,Unassigned,-,-,0,0,46
495,2020-03-30,9:30 PM,Rajasthan,-,-,3,0,59
487,2020-03-30,9:30 PM,Ladakh,-,-,3,0,13
486,2020-03-30,9:30 PM,Kerala,-,-,19,1,202
485,2020-03-30,9:30 PM,Karnataka,-,-,5,3,83
474,2020-03-30,9:30 PM,Andhra Pradesh,-,-,1,0,23
475,2020-03-30,9:30 PM,Andaman and Nicobar Islands,-,-,0,0,9
476,2020-03-30,9:30 PM,Bihar,-,-,0,1,15
478,2020-03-30,9:30 PM,Chhattisgarh,-,-,0,0,7
479,2020-03-30,9:30 PM,Delhi,-,-,6,2,87
477,2020-03-30,9:30 PM,Chandigarh,-,-,0,0,8
481,2020-03-30,9:30 PM,Gujarat,-,-,1,6,69
482,2020-03-30,9:30 PM,Haryana,-,-,18,0,36
483,2020-03-30,9:30 PM,Himachal Pradesh,-,-,0,1,3
484,2020-03-30,9:30 PM,Jammu and Kashmir,-,-,2,2,48
480,2020-03-30,9:30 PM,Goa,-,-,0,0,5
520,2020-03-31,8:30 PM,Odisha,-,-,0,0,3
516,2020-03-31,8:30 PM,Madhya Pradesh,-,-,0,3,47
517,2020-03-31,8:30 PM,Maharashtra,-,-,39,9,216
518,2020-03-31,8:30 PM,Manipur,-,-,0,0,1
519,2020-03-31,8:30 PM,Mizoram,-,-,0,0,1
521,2020-03-31,8:30 PM,Puducherry,-,-,0,0,1
528,2020-03-31,8:30 PM,West Bengal,-,-,0,2,26
523,2020-03-31,8:30 PM,Rajasthan,-,-,3,0,74
524,2020-03-31,8:30 PM,Tamil Nadu,-,-,4,1,74
525,2020-03-31,8:30 PM,Telengana,-,-,1,1,79
529,2020-03-31,8:30 PM,Unassigned,-,-,0,0,38
515,2020-03-31,8:30 PM,Ladakh,-,-,3,0,13
527,2020-03-31,8:30 PM,Uttar Pradesh,-,-,14,0,101
522,2020-03-31,8:30 PM,Punjab,-,-,1,3,41
514,2020-03-31,8:30 PM,Kerala,-,-,19,1,234
526,2020-03-31,8:30 PM,Uttarakhand,-,-,2,0,7
512,2020-03-31,8:30 PM,Jammu and Kashmir,-,-,2,2,54
502,2020-03-31,8:30 PM,Andhra Pradesh,-,-,1,0,40
503,2020-03-31,8:30 PM,Andaman and Nicobar Islands,-,-,0,0,10
505,2020-03-31,8:30 PM,Chandigarh,-,-,0,0,13
506,2020-03-31,8:30 PM,Chhattisgarh,-,-,0,0,8
504,2020-03-31,8:30 PM,Bihar,-,-,0,1,15
508,2020-03-31,8:30 PM,Goa,-,-,0,0,5
509,2020-03-31,8:30 PM,Gujarat,-,-,3,6,73
510,2020-03-31,8:30 PM,Haryana,-,-,21,0,40
511,2020-03-31,8:30 PM,Himachal Pradesh,-,-,0,1,3
507,2020-03-31,8:30 PM,Delhi,-,-,6,2,97
513,2020-03-31,8:30 PM,Karnataka,-,-,5,3,83
6,2020-04-02,6:00 PM,Kerala,3,0,0,0,3
43,2020-04-03,6:00 PM,Delhi,1,0,0,0,1
42,2020-04-03,6:00 PM,Haryana,0,2,0,0,2
41,2020-04-03,6:00 PM,Kerala,3,0,3,0,3
40,2020-04-03,6:00 PM,Uttar Pradesh,6,0,0,0,6
45,2020-04-03,6:00 PM,Rajasthan,1,14,0,0,15
44,2020-04-03,6:00 PM,Telengana,1,0,0,0,1
642,2020-04-04,6:00 PM,Punjab,-,-,1,5,57
633,2020-04-04,6:00 PM,Karnataka,-,-,12,3,128
634,2020-04-04,6:00 PM,Kerala,-,-,41,2,295
635,2020-04-04,6:00 PM,Ladakh,-,-,3,0,14
636,2020-04-04,6:00 PM,Madhya Pradesh,-,-,0,6,104
648,2020-04-04,6:00 PM,West Bengal,-,-,3,3,69
647,2020-04-04,6:00 PM,Uttar Pradesh,-,-,19,2,174
646,2020-04-04,6:00 PM,Uttarakhand,-,-,2,0,16
645,2020-04-04,6:00 PM,Telengana,-,-,1,7,159
644,2020-04-04,6:00 PM,Tamil Nadu,-,-,6,2,411
643,2020-04-04,6:00 PM,Rajasthan,-,-,21,0,200
637,2020-04-04,6:00 PM,Maharashtra,-,-,42,24,490
641,2020-04-04,6:00 PM,Puducherry,-,-,1,0,5
640,2020-04-04,6:00 PM,Odisha,-,-,0,0,5
632,2020-04-04,6:00 PM,Jharkhand,-,-,0,0,2
631,2020-04-04,6:00 PM,Jammu and Kashmir,-,-,3,2,75
630,2020-04-04,6:00 PM,Himachal Pradesh,-,-,1,1,6
629,2020-04-04,6:00 PM,Haryana,-,-,24,0,49
619,2020-04-04,6:00 PM,Andhra Pradesh,-,-,1,1,161
620,2020-04-04,6:00 PM,Andaman and Nicobar Islands,-,-,0,0,10
639,2020-04-04,6:00 PM,Mizoram,-,-,0,0,1
622,2020-04-04,6:00 PM,Assam,-,-,0,0,24
623,2020-04-04,6:00 PM,Bihar,-,-,0,1,30
621,2020-04-04,6:00 PM,Arunachal Pradesh,-,-,0,0,1
625,2020-04-04,6:00 PM,Chhattisgarh,-,-,3,0,9
626,2020-04-04,6:00 PM,Delhi,-,-,15,6,445
627,2020-04-04,6:00 PM,Goa,-,-,0,0,7
628,2020-04-04,6:00 PM,Gujarat,-,-,14,10,105
624,2020-04-04,6:00 PM,Chandigarh,-,-,0,0,18
638,2020-04-04,6:00 PM,Manipur,-,-,0,0,2
920,2020-04-13,5:00 PM,Rajasthan,-,-,21,3,812
923,2020-04-13,5:00 PM,Tripura,-,-,0,0,2
922,2020-04-13,5:00 PM,Telengana,-,-,100,16,562
921,2020-04-13,5:00 PM,Tamil Nadu,-,-,50,11,1075
917,2020-04-13,5:00 PM,Odisha,-,-,12,1,54
924,2020-04-13,5:00 PM,Uttarakhand,-,-,5,0,35
916,2020-04-13,5:00 PM,Nagaland,-,-,0,0,1
915,2020-04-13,5:00 PM,Mizoram,-,-,0,0,1
914,2020-04-13,5:00 PM,Manipur,-,-,1,0,2
913,2020-04-13,5:00 PM,Maharashtra,-,-,217,149,1985
912,2020-04-13,5:00 PM,Madhya Pradesh,-,-,44,43,604
911,2020-04-13,5:00 PM,Ladakh,-,-,10,0,15
910,2020-04-13,5:00 PM,Kerala,-,-,179,3,376
909,2020-04-13,5:00 PM,Karnataka,-,-,59,6,247
908,2020-04-13,5:00 PM,Jharkhand,-,-,0,2,19
907,2020-04-13,5:00 PM,Jammu and Kashmir,-,-,6,4,245
918,2020-04-13,5:00 PM,Puducherry,-,-,1,0,7
906,2020-04-13,5:00 PM,Himachal Pradesh,-,-,13,1,32
904,2020-04-13,5:00 PM,Gujarat,-,-,47,26,539
903,2020-04-13,5:00 PM,Goa,-,-,5,0,7
902,2020-04-13,5:00 PM,Delhi,-,-,27,24,1154
901,2020-04-13,5:00 PM,Chhattisgarh,-,-,10,0,31
900,2020-04-13,5:00 PM,Chandigarh,-,-,7,0,21
899,2020-04-13,5:00 PM,Bihar,-,-,26,1,64
898,2020-04-13,5:00 PM,Assam,-,-,0,1,31
897,2020-04-13,5:00 PM,Arunachal Pradesh,-,-,0,0,1
919,2020-04-13,5:00 PM,Punjab,-,-,14,11,167
895,2020-04-13,5:00 PM,Andhra Pradesh,-,-,11,7,432
905,2020-04-13,5:00 PM,Haryana,-,-,29,3,185
896,2020-04-13,5:00 PM,Andaman and Nicobar Islands,-,-,10,0,11
926,2020-04-13,5:00 PM,West Bengal,-,-,29,7,152
925,2020-04-13,5:00 PM,Uttar Pradesh,-,-,47,5,483
7,2020-05-02,6:00 PM,Kerala,3,0,0,0,3
51,2020-05-03,6:00 PM,Uttar Pradesh,7,0,0,0,7
50,2020-05-03,6:00 PM,Telengana,1,0,0,0,1
49,2020-05-03,6:00 PM,Rajasthan,1,14,0,0,15
48,2020-05-03,6:00 PM,Kerala,3,0,3,0,3
47,2020-05-03,6:00 PM,Haryana,0,2,0,0,2
46,2020-05-03,6:00 PM,Delhi,2,0,0,0,2
676,2020-05-04,6:00 PM,Uttarakhand,-,-,2,0,22
652,2020-05-04,6:00 PM,Assam,-,-,0,0,26
651,2020-05-04,6:00 PM,Arunachal Pradesh,-,-,0,0,1
650,2020-05-04,6:00 PM,Andaman and Nicobar Islands,-,-,0,0,10
649,2020-05-04,6:00 PM,Andhra Pradesh,-,-,1,1,190
669,2020-05-04,6:00 PM,Mizoram,-,-,0,0,1
670,2020-05-04,6:00 PM,Odisha,-,-,0,0,20
673,2020-05-04,6:00 PM,Rajasthan,-,-,21,0,200
672,2020-05-04,6:00 PM,Punjab,-,-,1,5,57
667,2020-05-04,6:00 PM,Maharashtra,-,-,42,24,490
653,2020-05-04,6:00 PM,Bihar,-,-,0,1,30
674,2020-05-04,6:00 PM,Tamil Nadu,-,-,6,3,485
675,2020-05-04,6:00 PM,Telengana,-,-,32,7,269
671,2020-05-04,6:00 PM,Puducherry,-,-,1,0,5
668,2020-05-04,6:00 PM,Manipur,-,-,0,0,2
655,2020-05-04,6:00 PM,Chhattisgarh,-,-,3,0,9
654,2020-05-04,6:00 PM,Chandigarh,-,-,0,0,18
677,2020-05-04,6:00 PM,Uttar Pradesh,-,-,19,2,227
656,2020-05-04,6:00 PM,Delhi,-,-,18,7,503
657,2020-05-04,6:00 PM,Goa,-,-,0,0,7
658,2020-05-04,6:00 PM,Gujarat,-,-,18,11,122
659,2020-05-04,6:00 PM,Haryana,-,-,25,1,59
660,2020-05-04,6:00 PM,Himachal Pradesh,-,-,1,1,6
661,2020-05-04,6:00 PM,Jammu and Kashmir,-,-,4,2,106
662,2020-05-04,6:00 PM,Jharkhand,-,-,0,0,3
663,2020-05-04,6:00 PM,Karnataka,-,-,12,4,144
664,2020-05-04,6:00 PM,Kerala,-,-,49,2,306
665,2020-05-04,6:00 PM,Ladakh,-,-,10,0,14
666,2020-05-04,6:00 PM,Madhya Pradesh,-,-,0,9,165
678,2020-05-04,6:00 PM,West Bengal,-,-,10,3,80
8,2020-06-02,6:00 PM,Kerala,3,0,0,0,3
54,2020-06-03,6:00 PM,Kerala,3,0,3,0,3
53,2020-06-03,6:00 PM,Haryana,0,2,0,0,2
52,2020-06-03,6:00 PM,Delhi,3,0,0,0,3
56,2020-06-03,6:00 PM,Uttar Pradesh,7,0,0,0,7
57,2020-06-03,6:00 PM,Telengana,1,0,0,0,1
55,2020-06-03,6:00 PM,Rajasthan,1,14,0,0,15
682,2020-06-04,6:00 PM,Assam,-,-,0,0,26
708,2020-06-04,6:00 PM,West Bengal,-,-,10,3,80
707,2020-06-04,6:00 PM,Uttar Pradesh,-,-,21,3,305
706,2020-06-04,6:00 PM,Uttarakhand,-,-,4,0,26
705,2020-06-04,6:00 PM,Telengana,-,-,34,7,321
704,2020-06-04,6:00 PM,Tamil Nadu,-,-,8,5,571
703,2020-06-04,6:00 PM,Rajasthan,-,-,21,0,274
702,2020-06-04,6:00 PM,Punjab,-,-,4,6,76
701,2020-06-04,6:00 PM,Puducherry,-,-,1,0,5
700,2020-06-04,6:00 PM,Odisha,-,-,2,0,21
699,2020-06-04,6:00 PM,Mizoram,-,-,0,0,1
698,2020-06-04,6:00 PM,Manipur,-,-,0,0,2
697,2020-06-04,6:00 PM,Maharashtra,-,-,56,45,748
681,2020-06-04,6:00 PM,Arunachal Pradesh,-,-,0,0,1
680,2020-06-04,6:00 PM,Andaman and Nicobar Islands,-,-,0,0,10
679,2020-06-04,6:00 PM,Andhra Pradesh,-,-,1,3,226
684,2020-06-04,6:00 PM,Chandigarh,-,-,0,0,18
685,2020-06-04,6:00 PM,Chhattisgarh,-,-,8,0,10
687,2020-06-04,6:00 PM,Goa,-,-,0,0,7
683,2020-06-04,6:00 PM,Bihar,-,-,0,1,32
688,2020-06-04,6:00 PM,Gujarat,-,-,22,12,144
690,2020-06-04,6:00 PM,Himachal Pradesh,-,-,2,1,13
691,2020-06-04,6:00 PM,Jammu and Kashmir,-,-,4,2,109
693,2020-06-04,6:00 PM,Karnataka,-,-,12,4,151
694,2020-06-04,6:00 PM,Kerala,-,-,55,2,314
695,2020-06-04,6:00 PM,Ladakh,-,-,10,0,14
696,2020-06-04,6:00 PM,Madhya Pradesh,-,-,0,9,165
689,2020-06-04,6:00 PM,Haryana,-,-,25,1,84
686,2020-06-04,6:00 PM,Delhi,-,-,19,7,523
692,2020-06-04,6:00 PM,Jharkhand,-,-,0,0,4
9,2020-07-02,6:00 PM,Kerala,3,0,0,0,3
59,2020-07-03,6:00 PM,Uttar Pradesh,7,0,0,0,7
58,2020-07-03,6:00 PM,Kerala,3,0,3,0,3
64,2020-07-03,6:00 PM,Haryana,0,2,0,0,2
63,2020-07-03,6:00 PM,Delhi,3,0,0,0,3
62,2020-07-03,6:00 PM,Tamil Nadu,1,0,0,0,1
61,2020-07-03,6:00 PM,Telengana,1,0,0,0,1
60,2020-07-03,6:00 PM,Ladakh,2,0,0,0,2
65,2020-07-03,6:00 PM,Rajasthan,1,14,0,0,15
724,2020-07-04,6:00 PM,Kerala,-,-,58,2,327
723,2020-07-04,6:00 PM,Karnataka,-,-,25,4,175
722,2020-07-04,6:00 PM,Jharkhand,-,-,0,0,4
709,2020-07-04,6:00 PM,Andhra Pradesh,-,-,1,3,266
725,2020-07-04,6:00 PM,Ladakh,-,-,10,0,14
711,2020-07-04,6:00 PM,Arunachal Pradesh,-,-,0,0,1
712,2020-07-04,6:00 PM,Assam,-,-,0,0,26
713,2020-07-04,6:00 PM,Bihar,-,-,0,1,32
714,2020-07-04,6:00 PM,Chandigarh,-,-,7,0,18
715,2020-07-04,6:00 PM,Chhattisgarh,-,-,9,0,10
716,2020-07-04,6:00 PM,Delhi,-,-,21,7,576
717,2020-07-04,6:00 PM,Goa,-,-,0,0,7
718,2020-07-04,6:00 PM,Gujarat,-,-,25,13,165
719,2020-07-04,6:00 PM,Haryana,-,-,25,1,90
710,2020-07-04,6:00 PM,Andaman and Nicobar Islands,-,-,0,0,10
720,2020-07-04,6:00 PM,Himachal Pradesh,-,-,2,1,13
721,2020-07-04,6:00 PM,Jammu and Kashmir,-,-,4,2,116
730,2020-07-04,6:00 PM,Odisha,-,-,2,1,42
739,2020-07-04,6:00 PM,West Bengal,-,-,13,3,91
726,2020-07-04,6:00 PM,Madhya Pradesh,-,-,0,13,229
738,2020-07-04,6:00 PM,Uttar Pradesh,-,-,21,3,305
737,2020-07-04,6:00 PM,Uttarakhand,-,-,5,0,31
736,2020-07-04,6:00 PM,Tripura,-,-,0,0,1
735,2020-07-04,6:00 PM,Telengana,-,-,35,7,364
734,2020-07-04,6:00 PM,Tamil Nadu,-,-,8,5,621
727,2020-07-04,6:00 PM,Maharashtra,-,-,56,48,868
728,2020-07-04,6:00 PM,Manipur,-,-,0,0,2
729,2020-07-04,6:00 PM,Mizoram,-,-,0,0,1
733,2020-07-04,6:00 PM,Rajasthan,-,-,21,3,288
731,2020-07-04,6:00 PM,Puducherry,-,-,1,0,5
732,2020-07-04,6:00 PM,Punjab,-,-,4,7,91
10,2020-08-02,6:00 PM,Kerala,3,0,0,0,3
66,2020-08-03,6:00 PM,Ladakh,2,0,0,0,2
73,2020-08-03,6:00 PM,Uttar Pradesh,7,0,0,0,7
72,2020-08-03,6:00 PM,Delhi,3,0,0,0,3
71,2020-08-03,6:00 PM,Haryana,0,2,0,0,2
70,2020-08-03,6:00 PM,Kerala,8,0,3,0,8
69,2020-08-03,6:00 PM,Rajasthan,1,14,0,0,15
68,2020-08-03,6:00 PM,Tamil Nadu,1,0,0,0,1
67,2020-08-03,6:00 PM,Telengana,1,0,0,0,1
749,2020-08-04,5:00 PM,Gujarat,-,-,25,13,165
748,2020-08-04,5:00 PM,Goa,-,-,0,0,7
747,2020-08-04,5:00 PM,Delhi,-,-,21,9,576
750,2020-08-04,5:00 PM,Haryana,-,-,28,3,147
751,2020-08-04,5:00 PM,Himachal Pradesh,-,-,2,1,18
770,2020-08-04,5:00 PM,West Bengal,-,-,13,5,99
769,2020-08-04,5:00 PM,Uttar Pradesh,-,-,26,3,343
768,2020-08-04,5:00 PM,Uttarakhand,-,-,5,0,31
767,2020-08-04,5:00 PM,Tripura,-,-,0,0,1
766,2020-08-04,5:00 PM,Telengana,-,-,35,7,427
765,2020-08-04,5:00 PM,Tamil Nadu,-,-,19,7,690
764,2020-08-04,5:00 PM,Rajasthan,-,-,21,3,328
763,2020-08-04,5:00 PM,Punjab,-,-,4,7,91
746,2020-08-04,5:00 PM,Chhattisgarh,-,-,9,0,10
762,2020-08-04,5:00 PM,Puducherry,-,-,1,0,5
759,2020-08-04,5:00 PM,Manipur,-,-,0,0,2
758,2020-08-04,5:00 PM,Maharashtra,-,-,79,64,1018
757,2020-08-04,5:00 PM,Madhya Pradesh,-,-,0,13,229
756,2020-08-04,5:00 PM,Ladakh,-,-,10,0,14
755,2020-08-04,5:00 PM,Kerala,-,-,70,2,336
754,2020-08-04,5:00 PM,Karnataka,-,-,25,4,175
753,2020-08-04,5:00 PM,Jharkhand,-,-,0,0,4
752,2020-08-04,5:00 PM,Jammu and Kashmir,-,-,4,2,116
761,2020-08-04,5:00 PM,Odisha,-,-,2,1,42
745,2020-08-04,5:00 PM,Chandigarh,-,-,7,0,18
760,2020-08-04,5:00 PM,Mizoram,-,-,0,0,1
743,2020-08-04,5:00 PM,Assam,-,-,0,0,27
742,2020-08-04,5:00 PM,Arunachal Pradesh,-,-,0,0,1
741,2020-08-04,5:00 PM,Andaman and Nicobar Islands,-,-,0,0,10
740,2020-08-04,5:00 PM,Andhra Pradesh,-,-,5,4,305
744,2020-08-04,5:00 PM,Bihar,-,-,0,1,38
11,2020-09-02,6:00 PM,Kerala,3,0,0,0,3
85,2020-09-03,6:00 PM,Delhi,4,0,0,0,4
84,2020-09-03,6:00 PM,Haryana,0,2,0,0,2
83,2020-09-03,6:00 PM,Uttar Pradesh,7,0,0,0,7
81,2020-09-03,6:00 PM,Telengana,1,0,0,0,1
80,2020-09-03,6:00 PM,Tamil Nadu,1,0,0,0,1
79,2020-09-03,6:00 PM,Rajasthan,1,14,0,0,15
78,2020-09-03,6:00 PM,Punjab,1,0,0,0,1
82,2020-09-03,6:00 PM,Jammu and Kashmir,1,0,0,0,1
76,2020-09-03,6:00 PM,Kerala,9,0,3,0,9
75,2020-09-03,6:00 PM,Karnataka,1,0,0,0,1
74,2020-09-03,6:00 PM,Ladakh,2,0,0,0,2
77,2020-09-03,6:00 PM,Maharashtra,2,0,0,0,2
784,2020-09-04,5:00 PM,Jharkhand,-,-,0,0,13
785,2020-09-04,5:00 PM,Karnataka,-,-,28,5,181
786,2020-09-04,5:00 PM,Kerala,-,-,83,2,345
787,2020-09-04,5:00 PM,Ladakh,-,-,10,0,14
788,2020-09-04,5:00 PM,Madhya Pradesh,-,-,0,16,259
789,2020-09-04,5:00 PM,Maharashtra,-,-,117,72,1135
790,2020-09-04,5:00 PM,Manipur,-,-,1,0,2
791,2020-09-04,5:00 PM,Mizoram,-,-,0,0,1
801,2020-09-04,5:00 PM,West Bengal,-,-,16,5,103
800,2020-09-04,5:00 PM,Uttar Pradesh,-,-,31,4,410
799,2020-09-04,5:00 PM,Uttarakhand,-,-,5,0,35
797,2020-09-04,5:00 PM,Telengana,-,-,35,7,442
783,2020-09-04,5:00 PM,Jammu and Kashmir,-,-,4,4,158
793,2020-09-04,5:00 PM,Puducherry,-,-,1,0,5
794,2020-09-04,5:00 PM,Punjab,-,-,4,8,101
795,2020-09-04,5:00 PM,Rajasthan,-,-,21,3,383
796,2020-09-04,5:00 PM,Tamil Nadu,-,-,21,8,738
792,2020-09-04,5:00 PM,Odisha,-,-,2,1,42
782,2020-09-04,5:00 PM,Himachal Pradesh,-,-,2,1,18
798,2020-09-04,5:00 PM,Tripura,-,-,0,0,1
780,2020-09-04,5:00 PM,Gujarat,-,-,25,16,179
771,2020-09-04,5:00 PM,Andhra Pradesh,-,-,6,4,348
781,2020-09-04,5:00 PM,Haryana,-,-,29,3,169
773,2020-09-04,5:00 PM,Arunachal Pradesh,-,-,0,0,1
774,2020-09-04,5:00 PM,Assam,-,-,0,0,28
772,2020-09-04,5:00 PM,Andaman and Nicobar Islands,-,-,0,0,11
776,2020-09-04,5:00 PM,Chandigarh,-,-,7,0,18
777,2020-09-04,5:00 PM,Chhattisgarh,-,-,9,0,10
778,2020-09-04,5:00 PM,Delhi,-,-,21,9,669
779,2020-09-04,5:00 PM,Goa,-,-,0,0,7
775,2020-09-04,5:00 PM,Bihar,-,-,0,1,39
12,2020-10-02,6:00 PM,Kerala,3,0,0,0,3
90,2020-10-03,6:00 PM,Karnataka,4,0,0,0,4
97,2020-10-03,6:00 PM,Jammu and Kashmir,1,0,0,0,1
96,2020-10-03,6:00 PM,Telengana,1,0,0,0,1
95,2020-10-03,6:00 PM,Tamil Nadu,1,0,0,0,1
94,2020-10-03,6:00 PM,Rajasthan,1,14,0,0,15
89,2020-10-03,6:00 PM,Haryana,0,2,0,0,2
91,2020-10-03,6:00 PM,Kerala,15,0,3,0,15
87,2020-10-03,6:00 PM,Ladakh,2,0,0,0,2
88,2020-10-03,6:00 PM,Delhi,4,0,0,0,4
92,2020-10-03,6:00 PM,Maharashtra,5,0,0,0,5
86,2020-10-03,6:00 PM,Uttar Pradesh,7,0,0,0,7
93,2020-10-03,6:00 PM,Punjab,1,0,0,0,1
802,2020-10-04,5:00 PM,Andhra Pradesh,-,-,7,6,363
822,2020-10-04,5:00 PM,Mizoram,-,-,0,0,1
823,2020-10-04,5:00 PM,Odisha,-,-,2,1,44
824,2020-10-04,5:00 PM,Puducherry,-,-,1,0,5
825,2020-10-04,5:00 PM,Punjab,-,-,5,11,132
826,2020-10-04,5:00 PM,Rajasthan,-,-,21,3,463
830,2020-10-04,5:00 PM,Uttarakhand,-,-,5,0,35
828,2020-10-04,5:00 PM,Telengana,-,-,35,7,473
821,2020-10-04,5:00 PM,Manipur,-,-,1,0,2
831,2020-10-04,5:00 PM,Uttar Pradesh,-,-,32,4,431
832,2020-10-04,5:00 PM,West Bengal,-,-,16,5,116
827,2020-10-04,5:00 PM,Tamil Nadu,-,-,21,8,834
820,2020-10-04,5:00 PM,Maharashtra,-,-,125,97,1364
829,2020-10-04,5:00 PM,Tripura,-,-,0,0,1
818,2020-10-04,5:00 PM,Ladakh,-,-,10,0,15
819,2020-10-04,5:00 PM,Madhya Pradesh,-,-,0,16,259
807,2020-10-04,5:00 PM,Chandigarh,-,-,7,0,18
806,2020-10-04,5:00 PM,Bihar,-,-,0,1,60
805,2020-10-04,5:00 PM,Assam,-,-,0,0,29
804,2020-10-04,5:00 PM,Arunachal Pradesh,-,-,0,0,1
808,2020-10-04,5:00 PM,Chhattisgarh,-,-,9,0,10
810,2020-10-04,5:00 PM,Goa,-,-,1,0,7
809,2020-10-04,5:00 PM,Delhi,-,-,25,13,898
811,2020-10-04,5:00 PM,Gujarat,-,-,26,17,241
812,2020-10-04,5:00 PM,Haryana,-,-,29,3,169
813,2020-10-04,5:00 PM,Himachal Pradesh,-,-,6,1,28
814,2020-10-04,5:00 PM,Jammu and Kashmir,-,-,6,4,184
815,2020-10-04,5:00 PM,Jharkhand,-,-,0,1,13
816,2020-10-04,5:00 PM,Karnataka,-,-,30,6,197
817,2020-10-04,5:00 PM,Kerala,-,-,96,2,357
803,2020-10-04,5:00 PM,Andaman and Nicobar Islands,-,-,0,0,11
13,2020-11-02,6:00 PM,Kerala,3,0,0,0,3
99,2020-11-03,6:00 PM,Delhi,5,0,0,0,5
98,2020-11-03,6:00 PM,Maharashtra,2,0,0,0,2
100,2020-11-03,6:00 PM,Haryana,0,14,0,0,14
104,2020-11-03,6:00 PM,Uttar Pradesh,9,0,0,0,9
102,2020-11-03,6:00 PM,Rajasthan,1,2,0,0,3
103,2020-11-03,6:00 PM,Telengana,1,0,0,0,1
105,2020-11-03,6:00 PM,Ladakh,2,0,0,0,2
106,2020-11-03,6:00 PM,Tamil Nadu,1,0,0,0,1
107,2020-11-03,6:00 PM,Jammu and Kashmir,1,0,0,0,1
108,2020-11-03,6:00 PM,Punjab,1,0,0,0,1
109,2020-11-03,6:00 PM,Karnataka,4,0,0,0,4
101,2020-11-03,6:00 PM,Kerala,17,0,3,0,17
863,2020-11-04,5:00 PM,West Bengal,-,-,16,5,126
862,2020-11-04,5:00 PM,Uttar Pradesh,-,-,32,4,433
861,2020-11-04,5:00 PM,Uttarakhand,-,-,5,0,35
860,2020-11-04,5:00 PM,Tripura,-,-,0,0,2
859,2020-11-04,5:00 PM,Telengana,-,-,43,9,504
858,2020-11-04,5:00 PM,Tamil Nadu,-,-,44,8,911
854,2020-11-04,5:00 PM,Odisha,-,-,2,1,48
856,2020-11-04,5:00 PM,Punjab,-,-,5,11,132
834,2020-11-04,5:00 PM,Andaman and Nicobar Islands,-,-,0,0,11
835,2020-11-04,5:00 PM,Arunachal Pradesh,-,-,0,0,1
836,2020-11-04,5:00 PM,Assam,-,-,0,1,29
837,2020-11-04,5:00 PM,Bihar,-,-,0,1,60
838,2020-11-04,5:00 PM,Chandigarh,-,-,7,0,18
839,2020-11-04,5:00 PM,Chhattisgarh,-,-,9,0,18
833,2020-11-04,5:00 PM,Andhra Pradesh,-,-,11,6,381
840,2020-11-04,5:00 PM,Delhi,-,-,25,14,903
842,2020-11-04,5:00 PM,Gujarat,-,-,31,19,308
843,2020-11-04,5:00 PM,Haryana,-,-,29,3,177
844,2020-11-04,5:00 PM,Himachal Pradesh,-,-,6,1,28
845,2020-11-04,5:00 PM,Jammu and Kashmir,-,-,6,4,207
857,2020-11-04,5:00 PM,Rajasthan,-,-,21,3,553
846,2020-11-04,5:00 PM,Jharkhand,-,-,0,1,17
841,2020-11-04,5:00 PM,Goa,-,-,1,0,7
847,2020-11-04,5:00 PM,Karnataka,-,-,37,6,214
848,2020-11-04,5:00 PM,Kerala,-,-,123,2,364
855,2020-11-04,5:00 PM,Puducherry,-,-,1,0,7
853,2020-11-04,5:00 PM,Mizoram,-,-,0,0,1
852,2020-11-04,5:00 PM,Manipur,-,-,1,0,2
851,2020-11-04,5:00 PM,Maharashtra,-,-,188,110,1574
850,2020-11-04,5:00 PM,Madhya Pradesh,-,-,0,33,443
849,2020-11-04,5:00 PM,Ladakh,-,-,10,0,15
14,2020-12-02,6:00 PM,Kerala,3,0,0,0,3
114,2020-12-03,6:00 PM,Telengana,1,0,0,0,1
122,2020-12-03,6:00 PM,Andhra Pradesh,1,0,0,0,1
121,2020-12-03,6:00 PM,Maharashtra,11,0,0,0,11
120,2020-12-03,6:00 PM,Karnataka,4,0,0,0,4
119,2020-12-03,6:00 PM,Punjab,1,0,0,0,1
118,2020-12-03,6:00 PM,Jammu and Kashmir,1,0,0,0,1
117,2020-12-03,6:00 PM,Tamil Nadu,1,0,0,0,1
116,2020-12-03,6:00 PM,Ladakh,3,0,0,0,3
115,2020-12-03,6:00 PM,Uttar Pradesh,10,1,0,0,11
110,2020-12-03,6:00 PM,Delhi,6,0,0,0,6
111,2020-12-03,6:00 PM,Haryana,0,14,0,0,14
113,2020-12-03,6:00 PM,Rajasthan,1,2,0,0,3
112,2020-12-03,6:00 PM,Kerala,17,0,3,0,17
892,2020-12-04,5:00 PM,Uttarakhand,-,-,5,0,35
893,2020-12-04,5:00 PM,Uttar Pradesh,-,-,45,5,452
865,2020-12-04,5:00 PM,Andaman and Nicobar Islands,-,-,10,0,11
866,2020-12-04,5:00 PM,Arunachal Pradesh,-,-,0,0,1
867,2020-12-04,5:00 PM,Assam,-,-,0,1,29
868,2020-12-04,5:00 PM,Bihar,-,-,19,1,64
869,2020-12-04,5:00 PM,Chandigarh,-,-,7,0,19
870,2020-12-04,5:00 PM,Chhattisgarh,-,-,10,0,25
871,2020-12-04,5:00 PM,Delhi,-,-,25,19,1069
872,2020-12-04,5:00 PM,Goa,-,-,5,0,7
873,2020-12-04,5:00 PM,Gujarat,-,-,44,22,432
874,2020-12-04,5:00 PM,Haryana,-,-,29,3,185
875,2020-12-04,5:00 PM,Himachal Pradesh,-,-,6,1,32
876,2020-12-04,5:00 PM,Jammu and Kashmir,-,-,6,4,224
877,2020-12-04,5:00 PM,Jharkhand,-,-,0,1,17
878,2020-12-04,5:00 PM,Karnataka,-,-,37,6,226
879,2020-12-04,5:00 PM,Kerala,-,-,142,2,374
880,2020-12-04,5:00 PM,Ladakh,-,-,10,0,15
881,2020-12-04,5:00 PM,Madhya Pradesh,-,-,0,36,564
882,2020-12-04,5:00 PM,Maharashtra,-,-,208,127,1761
883,2020-12-04,5:00 PM,Manipur,-,-,1,0,2
884,2020-12-04,5:00 PM,Mizoram,-,-,0,0,1
885,2020-12-04,5:00 PM,Odisha,-,-,12,1,54
886,2020-12-04,5:00 PM,Puducherry,-,-,1,0,7
887,2020-12-04,5:00 PM,Punjab,-,-,5,11,151
888,2020-12-04,5:00 PM,Rajasthan,-,-,21,3,700
889,2020-12-04,5:00 PM,Tamil Nadu,-,-,44,10,969
890,2020-12-04,5:00 PM,Telengana,-,-,43,9,504
891,2020-12-04,5:00 PM,Tripura,-,-,0,0,2
894,2020-12-04,5:00 PM,West Bengal,-,-,19,5,134
864,2020-12-04,5:00 PM,Andhra Pradesh,-,-,11,6,381
